date,platform,campaign,adgroup,impressions,clicks,spend,conversions,ctr,cpc,cpa,cpm,cvr,funnel_efficiency
2024-01-01,facebook,Brand_Awareness_Q1,Broad_Audience_18-35,45623,892,127.5,12,0.01955154198540209982,0.142937219730942,10.625,2.79464305284615,0.01345291479820627803,0.00026302522850316726
2024-01-01,facebook,Conversions_Retargeting,Cart_Abandoners,12456,567,215.8,34,0.04552023121387283237,0.380599647266314,6.34705882352941,17.3249839434811,0.05996472663139329806,0.00272960822093770071
2024-01-01,facebook,Traffic_Drive_Jan,Lookalike_Purchasers,34567,1234,189.9,23,0.03569878786125495415,0.153889789303079,8.25652173913043,5.49367894234385,0.01863857374392220421,0.00066537449012063529
2024-01-02,facebook,Brand_Awareness_Q1,Broad_Audience_18-35,42345,823,118.2,10,0.01943558861731019011,0.143620899149453,11.82,2.79135671271697,0.01215066828675577157,0.00023615539024678238
2024-01-02,facebook,Conversions_Retargeting,Cart_Abandoners,13678,623,234.5,38,0.04554759467758444217,0.376404494382022,6.17105263157895,17.1443193449335,0.06099518459069020867,0.00277818394502120193
2024-01-02,facebook,Traffic_Drive_Jan,Lookalike_Purchasers,36789,1345,201.3,25,0.03655984125689744217,0.149665427509294,8.052,5.47174427138547,0.01858736059479553903,0.00067955095273043573
2024-01-03,facebook,Brand_Awareness_Q1,Broad_Audience_18-35,48234,967,134.8,14,0.02004809885143259941,0.139400206825233,9.62857142857143,2.79470912634241,0.01447776628748707342,0.00029025168967947921
2024-01-03,facebook,Conversions_Retargeting,Cart_Abandoners,11234,489,198.7,31,0.04352857397187110557,0.406339468302658,6.40967741935484,17.687377603703,0.06339468302658486708,0.00275948014954602101
2024-01-03,facebook,Traffic_Drive_Jan,Lookalike_Purchasers,38901,1456,213.4,28,0.03742834374437675124,0.146565934065934,7.62142857142857,5.48572016143544,0.01923076923076923077,0.00071977584123801445
2024-01-04,facebook,Brand_Awareness_Q1,Broad_Audience_18-35,51234,1023,142.3,15,0.01996720927509076004,0.139100684261975,9.48666666666667,2.77745247296717,0.01466275659824046921,0.00029277432954678534
2024-01-04,facebook,Conversions_Retargeting,Cart_Abandoners,14567,678,245.6,42,0.04654355735566691838,0.362241887905605,5.84761904761905,16.8600260863596,0.06194690265486725664,0.00288322921672272946
2024-01-04,facebook,Video_Views_Campaign,Video_Enthusiasts,67890,234,89.5,5,0.00344675209898365002,0.382478632478632,17.9,1.31830902931212,0.02136752136752136752,0.000073648549123582265429
2024-01-05,facebook,Brand_Awareness_Q1,Broad_Audience_18-35,46789,934,131.2,13,0.01996195687020453525,0.140471092077088,10.0923076923077,2.80407788155336,0.01391862955032119914,0.00027784308277586612
2024-01-05,facebook,Conversions_Retargeting,Cart_Abandoners,12890,567,220.3,36,0.04398758727695888285,0.388536155202822,6.11944444444444,17.0907680372382,0.06349206349206349206,0.00279286268425135764
2024-01-05,facebook,Video_Views_Campaign,Video_Enthusiasts,71234,256,94.8,6,0.00359378948255046747,0.3703125,15.8,1.33082516775697,0.02343750000000000000,0.000084229440997276581408
2024-01-06,facebook,Brand_Awareness_Q1,Broad_Audience_18-35,44567,878,125.6,11,0.01970067538761864160,0.143052391799544,11.4181818181818,2.81822873426526,0.01252847380410022779,0.00024681939551686225
2024-01-06,facebook,Traffic_Drive_Jan,Lookalike_Purchasers,35678,1289,195.6,24,0.03612870676607433152,0.151745539177657,8.15,5.48237008800942,0.01861908456167571761,0.00067268344638152363
2024-01-06,facebook,Video_Views_Campaign,Video_Enthusiasts,69456,245,91.2,5,0.00352741303847039853,0.372244897959184,18.24,1.31306150656531,0.02040816326530612245,0.000071988021193273439300
2024-01-07,facebook,Brand_Awareness_Q1,Broad_Audience_18-35,49876,1067,145.9,16,0.02139305477584409335,0.136738519212746,9.11875,2.92525463148609,0.01499531396438612933,0.00032079557302109231
2024-01-07,facebook,Conversions_Retargeting,Cart_Abandoners,13456,623,237.8,40,0.04629904875148632580,0.381701444622793,5.945,17.6724137931034,0.06420545746388443018,0.00297265160523186683
2024-01-07,facebook,Traffic_Drive_Jan,Lookalike_Purchasers,37234,1367,207.9,27,0.03671375624429285062,0.152084857351865,7.7,5.58360638126444,0.01975128017556693489,0.00072514368587849815
2024-01-08,facebook,Brand_Awareness_Q1,Broad_Audience_18-35,47234,945,135.4,14,0.02000677478087818097,0.143280423280423,9.67142857142857,2.86657915908032,0.01481481481481481481,0.00029639666342041750
2024-01-08,facebook,Conversions_Retargeting,Cart_Abandoners,12123,534,212.4,35,0.04404850284583024004,0.397752808988764,6.06857142857143,17.5204157386785,0.06554307116104868914,0.00288707415656190712
2024-01-08,facebook,Video_Views_Campaign,Video_Enthusiasts,73456,267,98.3,7,0.00363482901328686561,0.368164794007491,14.0428571428571,1.33821607492921,0.02621722846441947566,0.000095295142670442169462
2024-01-09,facebook,Brand_Awareness_Q1,Broad_Audience_18-35,50123,1012,141.7,15,0.02019033178381182292,0.14001976284585,9.44666666666667,2.82704546814835,0.01482213438735177866,0.00029926381102487880
2024-01-09,facebook,Traffic_Drive_Jan,Lookalike_Purchasers,36456,1312,199.8,26,0.03598858898398068905,0.152286585365854,7.68461538461538,5.4805793285056,0.01981707317073170732,0.00071318850120693439
2024-01-09,facebook,Video_Views_Campaign,Video_Enthusiasts,70123,253,93.6,6,0.00360794603767665388,0.3699604743083,15.6,1.33479742737761,0.02371541501976284585,0.000085563937652410763943
2024-01-10,facebook,Brand_Awareness_Q1,Broad_Audience_18-35,48567,978,137.8,14,0.02013713015010192106,0.140899795501022,9.84285714285714,2.83731752012684,0.01431492842535787321,0.00028826157679082505
2024-01-10,facebook,Conversions_Retargeting,Cart_Abandoners,13789,645,241.2,41,0.04677641598375516716,0.373953488372093,5.88292682926829,17.4922039306694,0.06356589147286821705,0.00297338458191311915
2024-01-10,facebook,Traffic_Drive_Jan,Lookalike_Purchasers,38456,1423,217.5,29,0.03700332847930101935,0.152846099789178,7.5,5.65581443727897,0.02037947997189037245,0.00075410859163719576
2024-01-11,facebook,Brand_Awareness_Q1,Broad_Audience_18-35,52123,1089,148.6,17,0.02089288797651708459,0.136455463728191,8.74117647058823,2.85094871745678,0.01561065197428833792,0.00032615160293920150
2024-01-11,facebook,Conversions_Retargeting,Cart_Abandoners,14567,723,256.4,44,0.04963273151644127137,0.35463347164592,5.82727272727273,17.6014278849454,0.06085753803596127248,0.00302052584609047848
2024-01-11,facebook,Traffic_Drive_Jan,Lookalike_Purchasers,39789,1534,225.8,31,0.03855336902158888135,0.147196870925684,7.28387096774194,5.6749352836211,0.02020860495436766623,0.00077910980421724597
2024-01-11,facebook,Video_Views_Campaign,Video_Enthusiasts,76234,278,101.5,8,0.00364666684156675499,0.365107913669065,12.6875,1.3314269223706,0.02877697841726618705,0.00010494005299472676
2024-01-12,facebook,Brand_Awareness_Q1,Broad_Audience_18-35,49234,1012,140.3,15,0.02055490108461632205,0.138636363636364,9.35333333333333,2.84965674127635,0.01482213438735177866,0.00030466750619490596
2024-01-12,facebook,Conversions_Retargeting,Cart_Abandoners,13456,634,239.7,39,0.04711652794292508918,0.37807570977918,6.14615384615385,17.813614744352,0.06151419558359621451,0.00289833531510107015
2024-01-12,facebook,Traffic_Drive_Jan,Lookalike_Purchasers,37890,1398,212.4,28,0.03689627870150435471,0.151931330472103,7.58571428571429,5.60570071258907,0.02002861230329041488,0.00073898126154658221
2024-01-12,facebook,Video_Views_Campaign,Video_Enthusiasts,72890,261,96.8,7,0.00358073809850459597,0.37088122605364,13.8285714285714,1.32802853615036,0.02681992337164750958,0.000096035121415832075731
2024-01-13,facebook,Brand_Awareness_Q1,Broad_Audience_18-35,42345,856,121.5,12,0.02021490140512457197,0.141939252336449,10.125,2.86928799149841,0.01401869158878504673,0.00028338646829613886
2024-01-13,facebook,Conversions_Retargeting,Cart_Abandoners,11234,523,198.6,32,0.04655510058750222539,0.379732313575526,6.20625,17.6784760548335,0.06118546845124282983,0.00284849563824105394
2024-01-13,facebook,Traffic_Drive_Jan,Lookalike_Purchasers,33456,1203,185.3,23,0.03595767575322812052,0.154031587697423,8.05652173913044,5.53861788617886,0.01911886949293433084,0.00068747010999521760
2024-01-13,facebook,Video_Views_Campaign,Video_Enthusiasts,64567,238,83.4,5,0.00368609351526321496,0.350420168067227,16.68,1.29168150913005,0.02100840336134453782,0.000077438939396286028467
2024-01-14,facebook,Brand_Awareness_Q1,Broad_Audience_18-35,40123,798,114.7,11,0.01988884181142985320,0.143734335839599,10.4272727272727,2.85870946838472,0.01378446115288220551,0.00027415696732547417
2024-01-14,facebook,Conversions_Retargeting,Cart_Abandoners,10567,489,185.9,29,0.04627614270843191067,0.380163599182004,6.41034482758621,17.5925049682975,0.05930470347648261759,0.00274439292135894767
2024-01-14,facebook,Traffic_Drive_Jan,Lookalike_Purchasers,31234,1123,173.8,21,0.03595440865723250304,0.154764024933215,8.27619047619048,5.56444899788692,0.01869991095280498664,0.00067234424025100852
2024-01-14,facebook,Video_Views_Campaign,Video_Enthusiasts,61234,223,78.9,4,0.00364176764542574387,0.353811659192825,19.725,1.28849985302283,0.01793721973094170404,0.000065323186465035764445
2024-01-15,facebook,Brand_Awareness_Q1,Broad_Audience_18-35,46789,934,132.4,14,0.01996195687020453525,0.141755888650964,9.45714285714286,2.82972493534805,0.01498929336188436831,0.00029921562760477890
2024-01-15,facebook,Conversions_Retargeting,Cart_Abandoners,12890,567,221.3,37,0.04398758727695888285,0.390299823633157,5.98108108108108,17.1683475562452,0.06525573192239858907,0.00287044220325833980
2024-01-15,facebook,Traffic_Drive_Jan,Lookalike_Purchasers,35678,1289,196.6,25,0.03612870676607433152,0.152521334367727,7.864,5.51039856494198,0.01939487975174553918,0.00070071192331408711
2024-01-15,facebook,Video_Views_Campaign,Video_Enthusiasts,68456,248,87.6,6,0.00362276498772934440,0.353225806451613,14.6,1.27965408437536,0.02419354838709677419,0.000087647540025709945074
2024-01-16,facebook,Brand_Awareness_Q1,Broad_Audience_18-35,50234,1023,143.8,16,0.02036469323565712466,0.140566959921799,8.9875,2.86260301787634,0.01564027370478983382,0.00031850937611975953
2024-01-16,facebook,Conversions_Retargeting,Cart_Abandoners,14234,678,248.5,42,0.04763242939440775608,0.366519174041298,5.91666666666667,17.4581986792188,0.06194690265486725664,0.00295068146691021498
2024-01-16,facebook,Traffic_Drive_Jan,Lookalike_Purchasers,38456,1423,218.7,30,0.03700332847930101935,0.153689388615601,7.29,5.68701893072602,0.02108222066057624736,0.00078011233617640940
2024-01-16,facebook,Video_Views_Campaign,Video_Enthusiasts,73456,267,94.2,7,0.00363482901328686561,0.352808988764045,13.4571428571429,1.28240034850795,0.02621722846441947566,0.000095295142670442169462
2024-01-17,facebook,Brand_Awareness_Q1,Broad_Audience_18-35,51789,1089,152.3,18,0.02102763135028674043,0.139853076216713,8.46111111111111,2.94077892988859,0.01652892561983471074,0.00034756415455019406
2024-01-17,facebook,Conversions_Retargeting,Cart_Abandoners,15234,734,264.7,46,0.04818169883156098201,0.360626702997275,5.75434782608696,17.3756071944335,0.06267029972752043597,0.00301956150715504792
2024-01-17,facebook,Traffic_Drive_Jan,Lookalike_Purchasers,40123,1534,232.8,33,0.03823243526157067019,0.151760104302477,7.05454545454545,5.80215836303367,0.02151238591916558018,0.00082247090197642250
2024-01-17,facebook,Video_Views_Campaign,Video_Enthusiasts,75890,278,98.5,8,0.00366319673211226776,0.35431654676259,12.3125,1.29793121623402,0.02877697841726618705,0.00010541573329819476
2024-01-18,facebook,Brand_Awareness_Q1,Broad_Audience_18-35,49567,1012,144.6,16,0.02041680957088385418,0.142885375494071,9.0375,2.91726350192668,0.01581027667984189723,0.00032279540823531785
2024-01-18,facebook,Conversions_Retargeting,Cart_Abandoners,14567,689,253.4,43,0.04729868881718953800,0.3677793904209,5.89302325581395,17.3954829408938,0.06240928882438316401,0.00295187753140660397
2024-01-18,facebook,Traffic_Drive_Jan,Lookalike_Purchasers,38901,1456,224.5,31,0.03742834374437675124,0.15418956043956,7.24193548387097,5.77105986992622,0.02129120879120879121,0.00079689468137065885
2024-01-18,facebook,Video_Views_Campaign,Video_Enthusiasts,72345,261,92.7,7,0.00360771304167530583,0.355172413793103,13.2428571428571,1.28136014928468,0.02681992337164750958,0.000096758587324625060474
2024-01-19,facebook,Brand_Awareness_Q1,Broad_Audience_18-35,47890,967,138.4,15,0.02019210691167258300,0.143123061013444,9.22666666666667,2.88995614950929,0.01551189245087900724,0.00031321779077051577
2024-01-19,facebook,Conversions_Retargeting,Cart_Abandoners,13890,634,235.8,40,0.04564434845212383009,0.37192429022082,5.895,16.9762419006479,0.06309148264984227129,0.00287976961843052556
2024-01-19,facebook,Traffic_Drive_Jan,Lookalike_Purchasers,37234,1367,209.9,28,0.03671375624429285062,0.153547915142648,7.49642857142857,5.63732072836655,0.02048280907095830285,0.00075200085942955363
2024-01-19,facebook,Video_Views_Campaign,Video_Enthusiasts,70123,253,89.4,6,0.00360794603767665388,0.353359683794466,14.9,1.27490267102092,0.02371541501976284585,0.000085563937652410763943
2024-01-20,facebook,Brand_Awareness_Q1,Broad_Audience_18-35,43234,878,125.7,13,0.02030809085442013230,0.143166287015945,9.66923076923077,2.90743396400981,0.01480637813211845103,0.00030068927233196096
2024-01-20,facebook,Conversions_Retargeting,Cart_Abandoners,11890,545,202.3,34,0.04583683767872161480,0.371192660550459,5.95,17.0142977291842,0.06238532110091743119,0.00285954583683767872
2024-01-20,facebook,Traffic_Drive_Jan,Lookalike_Purchasers,34567,1234,189.6,24,0.03569878786125495415,0.153646677471637,7.9,5.48500014464663,0.01944894651539708266,0.00069430381577805421
2024-01-20,facebook,Video_Views_Campaign,Video_Enthusiasts,65234,234,81.2,5,0.00358708648864089279,0.347008547008547,16.24,1.24474967041727,0.02136752136752136752,0.000076647147193181469786
2024-01-21,facebook,Brand_Awareness_Q1,Broad_Audience_18-35,41567,823,118.9,12,0.01979936006928573147,0.144471445929526,9.90833333333333,2.86044217768903,0.01458080194410692588,0.00028869054779031443
2024-01-21,facebook,Conversions_Retargeting,Cart_Abandoners,10234,467,178.4,30,0.04563220637092046121,0.382012847965739,5.94666666666667,17.4320891147157,0.06423982869379014989,0.00293140512018760993
2024-01-21,facebook,Traffic_Drive_Jan,Lookalike_Purchasers,32890,1178,171.2,22,0.03581635755548799027,0.145331069609508,7.78181818181818,5.20522955305564,0.01867572156196943973,0.00066889632107023411
2024-01-21,facebook,Video_Views_Campaign,Video_Enthusiasts,62345,223,76.3,4,0.00357687063918517924,0.342152466367713,19.075,1.22383511107547,0.01793721973094170404,0.000064159114604218461785
2024-01-22,facebook,Brand_Awareness_Q1,Broad_Audience_18-35,45234,912,129.8,14,0.02016182517575275235,0.142324561403509,9.27142857142857,2.86952292523323,0.01535087719298245614,0.00030950170225936243
2024-01-22,facebook,Conversions_Retargeting,Cart_Abandoners,12456,567,209.6,36,0.04552023121387283237,0.369664902998236,5.82222222222222,16.8272318561336,0.06349206349206349206,0.00289017341040462428
2024-01-22,facebook,Traffic_Drive_Jan,Lookalike_Purchasers,35123,1267,194.5,26,0.03607322836887509609,0.153512233622731,7.48076923076923,5.53768186088888,0.02052091554853985793,0.00074025567292087806
2024-01-22,facebook,Video_Views_Campaign,Video_Enthusiasts,66789,245,84.7,5,0.00366826872688616389,0.345714285714286,16.94,1.2681729027235,0.02040816326530612245,0.000074862627079309467128
2024-01-23,facebook,Brand_Awareness_Q1,Broad_Audience_18-35,48567,989,140.3,15,0.02036362138900899788,0.141860465116279,9.35333333333333,2.88879280169663,0.01516683518705763397,0.00030885168941874112
2024-01-23,facebook,Conversions_Retargeting,Cart_Abandoners,13789,623,229.8,38,0.04518094133004568859,0.368860353130016,6.04736842105263,16.6654579737472,0.06099518459069020867,0.00275581985640728117
2024-01-23,facebook,Traffic_Drive_Jan,Lookalike_Purchasers,37456,1389,213.4,29,0.03708351131994873985,0.153635709143269,7.35862068965517,5.69735155916275,0.02087832973362131030,0.00077424177701836822
2024-01-23,facebook,Video_Views_Campaign,Video_Enthusiasts,71234,256,90.5,6,0.00359378948255046747,0.353515625,15.0833333333333,1.27046073504225,0.02343750000000000000,0.000084229440997276581408
2024-01-24,facebook,Brand_Awareness_Q1,Broad_Audience_18-35,51234,1067,149.7,17,0.02082601397509466370,0.140299906279288,8.80588235294118,2.92188780887692,0.01593252108716026242,0.00033181090681969005
2024-01-24,facebook,Conversions_Retargeting,Cart_Abandoners,14890,712,251.6,43,0.04781732706514439221,0.353370786516854,5.85116279069767,16.8972464741437,0.06039325842696629213,0.00288784419073203492
2024-01-24,facebook,Traffic_Drive_Jan,Lookalike_Purchasers,39234,1489,227.9,32,0.03795177652036498955,0.153055742108798,7.121875,5.80873731967171,0.02149093351242444594,0.00081561910587755518
2024-01-24,facebook,Video_Views_Campaign,Video_Enthusiasts,74567,267,95.8,7,0.00358067241541164322,0.358801498127341,13.6857142857143,1.28475062695294,0.02621722846441947566,0.000093875306771091769818
2024-01-25,facebook,Brand_Awareness_Q1,Broad_Audience_18-35,52789,1123,156.4,18,0.02127337134630320711,0.13926981300089,8.68888888888889,2.96273844929815,0.01602849510240427427,0.00034098012843584838
2024-01-25,facebook,Conversions_Retargeting,Cart_Abandoners,15678,756,268.9,47,0.04822043628013777268,0.355687830687831,5.72127659574468,17.151422375303,0.06216931216931216931,0.00299783135604031126
2024-01-25,facebook,Traffic_Drive_Jan,Lookalike_Purchasers,40567,1567,238.6,34,0.03862745581383883452,0.152265475430759,7.01764705882353,5.88162792417482,0.02169751116783663050,0.00083811965390588409
2024-01-25,facebook,Video_Views_Campaign,Video_Enthusiasts,76890,278,99.2,8,0.00361555468851606191,0.356834532374101,12.4,1.29015476654962,0.02877697841726618705,0.00010404473923787229
2024-01-26,facebook,Brand_Awareness_Q1,Broad_Audience_18-35,50123,1034,147.5,17,0.02062925203998164515,0.142649903288201,8.67647058823529,2.94276080841131,0.01644100580270793037,0.00033916565249486264
2024-01-26,facebook,Conversions_Retargeting,Cart_Abandoners,14234,689,254.7,44,0.04840522692145566952,0.36966618287373,5.78863636363636,17.8937754671912,0.06386066763425253991,0.00309119010819165379
2024-01-26,facebook,Traffic_Drive_Jan,Lookalike_Purchasers,38890,1445,231.2,32,0.03715608125482129082,0.16,7.225,5.94497300077141,0.02214532871972318339,0.00082283363332476215
2024-01-26,facebook,Video_Views_Campaign,Video_Enthusiasts,73456,261,94.6,7,0.00355314746242648660,0.362452107279693,13.5142857142857,1.28784578523198,0.02681992337164750958,0.000095295142670442169462
2024-01-27,facebook,Brand_Awareness_Q1,Broad_Audience_18-35,46234,934,133.8,15,0.02020158325042176753,0.143254817987152,8.92,2.89397413159147,0.01605995717344753747,0.00032443656183760869
2024-01-27,facebook,Conversions_Retargeting,Cart_Abandoners,12567,567,209.4,36,0.04511816662687992361,0.369312169312169,5.81666666666667,16.6626879923609,0.06349206349206349206,0.00286464550011936023
2024-01-27,facebook,Traffic_Drive_Jan,Lookalike_Purchasers,35890,1289,197.8,27,0.03591529674003900808,0.153452288595811,7.32592592592593,5.51128448035665,0.02094647013188518231,0.00075229869044302034
2024-01-27,facebook,Video_Views_Campaign,Video_Enthusiasts,68234,245,85.9,5,0.00359058533868745787,0.350612244897959,17.18,1.25890318609491,0.02040816326530612245,0.000073277251809948119706
2024-01-28,facebook,Brand_Awareness_Q1,Broad_Audience_18-35,44567,890,127.6,13,0.01996993291000067314,0.143370786516854,9.81538461538461,2.8631049879956,0.01460674157303370787,0.00029169564924720084
2024-01-28,facebook,Conversions_Retargeting,Cart_Abandoners,11456,523,192.3,33,0.04565293296089385475,0.367686424474187,5.82727272727273,16.7859636871508,0.06309751434034416826,0.00288058659217877095
2024-01-28,facebook,Traffic_Drive_Jan,Lookalike_Purchasers,33567,1203,184.5,25,0.03583877022075252480,0.153366583541147,7.38,5.49646974707302,0.02078137988362427265,0.00074477909851937915
2024-01-28,facebook,Video_Views_Campaign,Video_Enthusiasts,65789,234,80.4,4,0.00355682560914438584,0.343589743589744,20.1,1.22208879903935,0.01709401709401709402,0.000060800437763151894694
2024-01-29,facebook,Brand_Awareness_Q1,Broad_Audience_18-35,47890,967,138.4,15,0.02019210691167258300,0.143123061013444,9.22666666666667,2.88995614950929,0.01551189245087900724,0.00031321779077051577
2024-01-29,facebook,Conversions_Retargeting,Cart_Abandoners,13234,612,226.5,39,0.04624452168656490857,0.370098039215686,5.80769230769231,17.115006800665,0.06372549019607843137,0.00294695481335952849
2024-01-29,facebook,Traffic_Drive_Jan,Lookalike_Purchasers,36234,1334,203.7,28,0.03681624993100402936,0.152698650674663,7.275,5.62179168736546,0.02098950524737631184,0.00077275487111552685
2024-01-29,facebook,Video_Views_Campaign,Video_Enthusiasts,69567,253,88.7,6,0.00363678180746618368,0.350592885375494,14.7833333333333,1.27502982736067,0.02371541501976284585,0.000086247789900383802665
2024-01-30,facebook,Brand_Awareness_Q1,Broad_Audience_18-35,49234,1001,142.8,16,0.02033147824674005768,0.142657342657343,8.925,2.90043465897551,0.01598401598401598402,0.00032497867327456636
2024-01-30,facebook,Conversions_Retargeting,Cart_Abandoners,14123,645,236.9,41,0.04567018338879841393,0.367286821705426,5.77804878048781,16.7740565035757,0.06356589147286821705,0.00290306592083834879
2024-01-30,facebook,Traffic_Drive_Jan,Lookalike_Purchasers,37890,1412,216.5,30,0.03726576933227764582,0.153328611898017,7.21666666666667,5.71390868302982,0.02124645892351274788,0.00079176563737133808
2024-01-30,facebook,Video_Views_Campaign,Video_Enthusiasts,72123,261,91.3,7,0.00361881785283474065,0.349808429118774,13.0428571428571,1.2658929883671,0.02681992337164750958,0.000097056417508977718620
2024-01-01,google,Search_Brand_Terms,Brand_Exact,23456,1234,234.5,45,0.05260914051841746248,0.190032414910859,5.21111111111111,9.99744201909959,0.03646677471636952998,0.00191848567530695771
2024-01-01,google,Search_Generic_Terms,Product_Broad,45678,890,567.8,23,0.01948421559612942773,0.637977528089888,24.6869565217391,12.4304917027891,0.02584269662921348315,0.00050352467270896274
2024-01-01,google,Shopping_All_Products,Best_Sellers,67890,2345,423.6,67,0.03454116953896008249,0.180639658848614,6.32238805970149,6.23950508174989,0.02857142857142857143,0.00098689055825600236
2024-01-02,google,Search_Brand_Terms,Brand_Exact,24567,1289,245.6,48,0.05246875890422110962,0.190535298681148,5.11666666666667,9.99715064924492,0.03723816912335143522,0.00195384051776773721
2024-01-02,google,Search_Generic_Terms,Product_Broad,43234,823,534.2,21,0.01903594393301568210,0.649088699878493,25.4380952380952,12.356016098441,0.02551640340218712029,0.00048572882453624462
2024-01-02,google,Shopping_All_Products,Best_Sellers,71234,2456,445.8,71,0.03447791784821854732,0.181514657980456,6.27887323943662,6.25824746609765,0.02890879478827361564,0.00099671505180110621
2024-01-03,google,Search_Brand_Terms,Brand_Exact,22345,1123,213.4,42,0.05025732826135600806,0.190026714158504,5.08095238095238,9.5502349518908,0.03739982190560997329,0.00187961512642649362
2024-01-03,google,Search_Generic_Terms,Product_Broad,47890,967,623.5,25,0.02019210691167258300,0.644777662874871,24.94,13.0194195030278,0.02585315408479834540,0.00052202965128419294
2024-01-03,google,Display_Remarketing,Cart_Abandoners,123456,456,123.4,12,0.00369362363919129082,0.270614035087719,10.2833333333333,0.999546397096941,0.02631578947368421053,0.000097200622083981337481
2024-01-04,google,Search_Brand_Terms,Brand_Exact,25678,1345,256.7,50,0.05237946880598177428,0.190855018587361,5.134,9.99688449256172,0.03717472118959107807,0.00194719214892125555
2024-01-04,google,Shopping_All_Products,Best_Sellers,69456,2234,412.3,65,0.03216424786915457268,0.18455684870188,6.34307692307692,5.93613222759733,0.02909579230080572963,0.00093584427551255471
2024-01-04,google,Display_Remarketing,Cart_Abandoners,134567,489,134.5,14,0.00363387754798724799,0.275051124744376,9.60714285714286,0.999502106757229,0.02862985685071574642,0.00010403739401190485
2024-01-05,google,Search_Brand_Terms,Brand_Exact,23890,1234,234.9,46,0.05165341146923398912,0.190356564019449,5.10652173913043,9.83256592716618,0.03727714748784440843,0.00192549183758894935
2024-01-05,google,Search_Generic_Terms,Product_Broad,46234,912,589.3,24,0.01972574295972660812,0.646162280701754,24.5541666666667,12.7460310593935,0.02631578947368421053,0.00051909849894017390
2024-01-05,google,Display_Remarketing,Cart_Abandoners,128901,467,128.9,13,0.00362293543106725316,0.276017130620985,9.91538461538462,0.999992242108285,0.02783725910064239829,0.00010085259229951668
2024-01-06,google,Search_Brand_Terms,Brand_Exact,24234,1267,241.2,47,0.05228191796649335644,0.190370955011839,5.13191489361702,9.95295865313196,0.03709550118389897395,0.00193942394982256334
2024-01-06,google,Shopping_All_Products,Best_Sellers,72345,2378,432.9,69,0.03287027437970834197,0.182043734230446,6.27391304347826,5.98382749326145,0.02901597981497056350,0.00095376321791416131
2024-01-06,google,Display_Remarketing,Cart_Abandoners,131234,478,132.4,13,0.00364234878156575278,0.276987447698745,10.1846153846154,1.00888489263453,0.02719665271966527197,0.000099059694896139719890
2024-01-07,google,Search_Brand_Terms,Brand_Exact,26789,1456,278.9,54,0.05435066631826495950,0.191552197802198,5.16481481481481,10.4109895852775,0.03708791208791208791,0.00201575273433125537
2024-01-07,google,Search_Generic_Terms,Product_Broad,44567,878,567.2,22,0.01970067538761864160,0.646013667425968,25.7818181818182,12.726905557924,0.02505694760820045558,0.00049363879103372450
2024-01-07,google,Shopping_All_Products,Best_Sellers,70234,2289,419.5,66,0.03259105276646638380,0.183267802533858,6.35606060606061,5.97289062277529,0.02883355176933158585,0.00093971580715892588
2024-01-08,google,Search_Brand_Terms,Brand_Exact,22567,1134,216.8,43,0.05025036557805645411,0.191181657848325,5.04186046511628,9.60694819869721,0.03791887125220458554,0.00190543714273053574
2024-01-08,google,Search_Generic_Terms,Product_Broad,48234,989,634.7,26,0.02050420864950035245,0.641759352881699,24.4115384615385,13.1587676742547,0.02628918099089989889,0.00053903885226188995
2024-01-08,google,Display_Remarketing,Cart_Abandoners,125678,445,121.3,11,0.00354079472938780057,0.272584269662921,11.0272727272727,0.965164945336495,0.02471910112359550562,0.000087525262973631025319
2024-01-09,google,Search_Brand_Terms,Brand_Exact,25234,1312,250.3,49,0.05199334231592296108,0.19077743902439,5.10816326530612,9.91915669335024,0.03734756097560975610,0.00194182452246968376
2024-01-09,google,Shopping_All_Products,Best_Sellers,73456,2423,441.8,70,0.03298573295578305380,0.182335947172926,6.31142857142857,6.01448486168591,0.02888980602558811391,0.00095295142670442169
2024-01-09,google,Display_Remarketing,Cart_Abandoners,129345,456,125.6,12,0.00352545517801229271,0.275438596491228,10.4666666666667,0.971046426224438,0.02631578947368421053,0.000092775136263481386988
2024-01-10,google,Search_Brand_Terms,Brand_Exact,24678,1289,245.9,48,0.05223275792203582138,0.190768037238169,5.12291666666667,9.9643407083232,0.03723816912335143522,0.00194505227327984440
2024-01-10,google,Search_Generic_Terms,Product_Broad,45234,901,578.9,23,0.01991864526683468188,0.642508324084351,25.1695652173913,12.7978953884246,0.02552719200887902331,0.00050846708228323827
2024-01-10,google,Shopping_All_Products,Best_Sellers,68901,2267,414.2,64,0.03290228008301766302,0.182708425231584,6.471875,6.01152378049665,0.02823114247904719894,0.00092886895690918855
2024-01-11,google,Search_Brand_Terms,Brand_Exact,26234,1378,263.4,52,0.05252725470763131814,0.191146589259797,5.06538461538462,10.0404055805443,0.03773584905660377358,0.00198216055500495540
2024-01-11,google,Search_Generic_Terms,Product_Broad,47890,934,612.5,26,0.01950302777197744832,0.655781584582441,23.5576923076923,12.7897264564627,0.02783725910064239829,0.00054291083733556066
2024-01-11,google,Shopping_All_Products,Best_Sellers,71234,2456,445.8,71,0.03447791784821854732,0.181514657980456,6.27887323943662,6.25824746609765,0.02890879478827361564,0.00099671505180110621
2024-01-11,google,Display_Remarketing,Cart_Abandoners,136789,512,142.3,15,0.00374299102998048089,0.2779296875,9.48666666666667,1.04028832727778,0.02929687500000000000,0.00010965794033145940
2024-01-12,google,Search_Brand_Terms,Brand_Exact,25123,1312,250.4,49,0.05222306253234088286,0.190853658536585,5.11020408163265,9.96696254428213,0.03734756097560975610,0.00195040401225968236
2024-01-12,google,Search_Generic_Terms,Product_Broad,46567,912,596.7,24,0.01958468443318229648,0.654276315789474,24.8625,12.813795176842,0.02631578947368421053,0.00051538643245216570
2024-01-12,google,Shopping_All_Products,Best_Sellers,69890,2334,428.9,66,0.03339533552725711833,0.183761782347901,6.49848484848485,6.13678637859493,0.02827763496143958869,0.00094434110745457147
2024-01-12,google,Display_Remarketing,Cart_Abandoners,133456,489,131.2,14,0.00366412900131878672,0.268302658486708,9.37142857142857,0.983095552092075,0.02862985685071574642,0.00010490348879031291
2024-01-13,google,Search_Brand_Terms,Brand_Exact,22456,1156,220.4,43,0.05147844674029212683,0.190657439446367,5.12558139534884,9.81474884218026,0.03719723183391003460,0.00191485571784823655
2024-01-13,google,Search_Generic_Terms,Product_Broad,41234,823,528.9,21,0.01995925692389775428,0.642648845686513,25.1857142857143,12.8267934229034,0.02551640340218712029,0.00050928845127807149
2024-01-13,google,Shopping_All_Products,Best_Sellers,63456,2089,382.6,60,0.03292044881492687847,0.18314983245572,6.37666666666667,6.02937468482098,0.02872187649593106750,0.00094553706505295008
2024-01-13,google,Display_Remarketing,Cart_Abandoners,119234,434,116.8,12,0.00363990137041447909,0.269124423963134,9.73333333333333,0.979586359595417,0.02764976958525345622,0.00010064243420500864
2024-01-14,google,Search_Brand_Terms,Brand_Exact,21234,1089,207.8,41,0.05128567391918621079,0.190817263544536,5.06829268292683,9.78619195629651,0.03764921946740128558,0.00193086559291701987
2024-01-14,google,Search_Generic_Terms,Product_Broad,39567,789,507.4,19,0.01994085980741527030,0.643092522179975,26.7052631578947,12.823817827988,0.02408111533586818758,0.00048019814491874542
2024-01-14,google,Shopping_All_Products,Best_Sellers,61890,2012,369.3,58,0.03250929067700759412,0.183548707753479,6.36724137931034,5.96703829374697,0.02882703777335984095,0.00093714655033123283
2024-01-14,google,Display_Remarketing,Cart_Abandoners,115678,412,113.4,11,0.00356161067791628486,0.275242718446602,10.3090909090909,0.980307405038123,0.02669902912621359223,0.000095091547225920226837
2024-01-15,google,Search_Brand_Terms,Brand_Exact,23890,1234,235.6,46,0.05165341146923398912,0.190923824959481,5.12173913043478,9.8618668899121,0.03727714748784440843,0.00192549183758894935
2024-01-15,google,Search_Generic_Terms,Product_Broad,43789,856,560.9,22,0.01954828838292721916,0.655257009345794,25.4954545454545,12.809152983626,0.02570093457943925234,0.00050240928086962479
2024-01-15,google,Shopping_All_Products,Best_Sellers,67234,2234,411.7,65,0.03322723621976975935,0.184288272157565,6.33384615384615,6.12338995151263,0.02909579230080572963,0.00096677276378023024
2024-01-15,google,Display_Remarketing,Cart_Abandoners,128901,467,126.7,13,0.00362293543106725316,0.271306209850107,9.74615384615385,0.98292488033452,0.02783725910064239829,0.00010085259229951668
2024-01-16,google,Search_Brand_Terms,Brand_Exact,25456,1345,257.3,51,0.05283626649905719673,0.191301115241636,5.04509803921569,10.1076367064739,0.03791821561338289963,0.00200345694531741043
2024-01-16,google,Search_Generic_Terms,Product_Broad,45678,901,584.5,24,0.01972503174394675774,0.648723640399556,24.3541666666667,12.7960943999299,0.02663706992230854606,0.00052541704978326547
2024-01-16,google,Shopping_All_Products,Best_Sellers,70123,2378,435.8,69,0.03391184062290546611,0.183263246425568,6.31594202898551,6.2147940048201,0.02901597981497056350,0.00098398528300272379
2024-01-16,google,Display_Remarketing,Cart_Abandoners,132567,489,130.5,14,0.00368870080789336713,0.266871165644172,9.32142857142857,0.984407884315101,0.02862985685071574642,0.00010560697609510663
2024-01-17,google,Search_Brand_Terms,Brand_Exact,26789,1456,278.9,54,0.05435066631826495950,0.191552197802198,5.16481481481481,10.4109895852775,0.03708791208791208791,0.00201575273433125537
2024-01-17,google,Search_Generic_Terms,Product_Broad,47234,967,605.6,25,0.02047254096625312275,0.626266804550155,24.224,12.8212728119575,0.02585315408479834540,0.00052927975610788839
2024-01-17,google,Shopping_All_Products,Best_Sellers,72456,2489,450.7,72,0.03435188252180633764,0.181076737645641,6.25972222222222,6.220326819035,0.02892728003214142226,0.00099370652533951640
2024-01-17,google,Display_Remarketing,Cart_Abandoners,138901,534,136.4,15,0.00384446476267269494,0.255430711610487,9.09333333333333,0.981994370090928,0.02808988764044943820,0.00010799058322114312
2024-01-18,google,Search_Brand_Terms,Brand_Exact,25789,1389,265.2,52,0.05386017294195199504,0.190928725701944,5.1,10.2834541858932,0.03743700503959683225,0.00201636356586141378
2024-01-18,google,Search_Generic_Terms,Product_Broad,46123,923,590.3,24,0.02001170782472952757,0.639544962080173,24.5958333333333,12.7983869219262,0.02600216684723726977,0.00052034776575678078
2024-01-18,google,Shopping_All_Products,Best_Sellers,71567,2412,442.3,70,0.03370268419802422904,0.183374792703151,6.31857142857143,6.18022272835245,0.02902155887230514096,0.00097810443360766834
2024-01-18,google,Display_Remarketing,Cart_Abandoners,135234,501,133.6,14,0.00370468964905275301,0.266666666666667,9.54285714285714,0.987917239747401,0.02794411177644710579,0.00010352426165017673
2024-01-19,google,Search_Brand_Terms,Brand_Exact,24567,1289,246.8,48,0.05246875890422110962,0.191466252909232,5.14166666666667,10.0459966621891,0.03723816912335143522,0.00195384051776773721
2024-01-19,google,Search_Generic_Terms,Product_Broad,44890,890,574.7,23,0.01982624192470483404,0.645730337078652,24.9869565217391,12.8024058810425,0.02584269662921348315,0.00051236355535754065
2024-01-19,google,Shopping_All_Products,Best_Sellers,69234,2301,423.5,67,0.03323511569460091862,0.184050412863972,6.32089552238806,6.11693676517318,0.02911777488048674489,0.00096773261692232140
2024-01-19,google,Display_Remarketing,Cart_Abandoners,131567,478,129.4,13,0.00363312988819384800,0.27071129707113,9.95384615384615,0.983529304460845,0.02719665271966527197,0.000098808971854644401712
2024-01-20,google,Search_Brand_Terms,Brand_Exact,22345,1123,214.5,42,0.05025732826135600806,0.191006233303651,5.10714285714286,9.59946296710674,0.03739982190560997329,0.00187961512642649362
2024-01-20,google,Search_Generic_Terms,Product_Broad,40567,812,520.4,20,0.02001626938151699657,0.640886699507389,26.02,12.8281608203712,0.02463054187192118227,0.00049301156112110829
2024-01-20,google,Shopping_All_Products,Best_Sellers,64890,2067,376.8,59,0.03185390661118816459,0.182293178519594,6.3864406779661,5.80674988441979,0.02854378326076439284,0.00090923100631838496
2024-01-20,google,Display_Remarketing,Cart_Abandoners,124567,445,122.3,12,0.00357237470598151999,0.274831460674157,10.1916666666667,0.981800958520314,0.02696629213483146067,0.000096333699936580314208
2024-01-21,google,Search_Brand_Terms,Brand_Exact,21567,1089,207.8,41,0.05049380998748087356,0.190817263544536,5.06829268292683,9.63509064774888,0.03764921946740128558,0.00190105253396392637
2024-01-21,google,Search_Generic_Terms,Product_Broad,38901,778,498.7,19,0.01999948587439911570,0.641002570694087,26.2473684210526,12.8197218580499,0.02442159383033419023,0.00048841932084008123
2024-01-21,google,Shopping_All_Products,Best_Sellers,62345,1989,365.4,57,0.03190311973694763012,0.183710407239819,6.41052631578947,5.86093511909536,0.02865761689291101056,0.00091426738311011308
2024-01-21,google,Display_Remarketing,Cart_Abandoners,118234,423,116.2,11,0.00357765109866874165,0.274704491725768,10.5636363636364,0.982796826631933,0.02600472813238770686,0.000093035844173418813539
2024-01-22,google,Search_Brand_Terms,Brand_Exact,24234,1267,241.2,47,0.05228191796649335644,0.190370955011839,5.13191489361702,9.95295865313196,0.03709550118389897395,0.00193942394982256334
2024-01-22,google,Search_Generic_Terms,Product_Broad,42890,845,549.3,22,0.01970156213569596643,0.650059171597633,24.9681818181818,12.8071811611098,0.02603550295857988166,0.00051294007927255771
2024-01-22,google,Shopping_All_Products,Best_Sellers,66789,2223,407.9,64,0.03328392399946098909,0.18349077822762,6.3734375,6.10729311713007,0.02878992352676563203,0.00095824162661516118
2024-01-22,google,Display_Remarketing,Cart_Abandoners,127890,456,125.6,13,0.00356556415669716162,0.275438596491228,9.66153846153846,0.982093987020095,0.02850877192982456140,0.00010164985534443663
2024-01-23,google,Search_Brand_Terms,Brand_Exact,25678,1356,259.4,51,0.05280785107874445050,0.191297935103245,5.08627450980392,10.1020328686035,0.03761061946902654867,0.00198613599189968066
2024-01-23,google,Search_Generic_Terms,Product_Broad,45123,912,577.8,24,0.02021142211289143009,0.633552631578947,24.075,12.8049996675753,0.02631578947368421053,0.00053187952928661658
2024-01-23,google,Shopping_All_Products,Best_Sellers,70234,2389,432.6,69,0.03401486459549505937,0.181079949769778,6.26956521739131,6.15940997237805,0.02888237756383424027,0.00098243016202978614
2024-01-23,google,Display_Remarketing,Cart_Abandoners,133456,489,131.2,14,0.00366412900131878672,0.268302658486708,9.37142857142857,0.983095552092075,0.02862985685071574642,0.00010490348879031291
2024-01-24,google,Search_Brand_Terms,Brand_Exact,27123,1434,274.3,55,0.05287025771485455149,0.191283124128312,4.98727272727273,10.1131880691664,0.03835425383542538354,0.00202779928473988866
2024-01-24,google,Search_Generic_Terms,Product_Broad,47890,978,613.5,26,0.02042179995823762790,0.627300613496933,23.5961538461538,12.8106076425141,0.02658486707566462168,0.00054291083733556066
2024-01-24,google,Shopping_All_Products,Best_Sellers,73456,2501,456.7,73,0.03404759311696798083,0.182606957217113,6.25616438356164,6.21732737965585,0.02918832467013194722,0.00099379220213461120
2024-01-24,google,Display_Remarketing,Cart_Abandoners,139234,523,136.8,15,0.00375626642917678153,0.261567877629063,9.12,0.98251863768907,0.02868068833652007648,0.00010773230676415243
2024-01-25,google,Search_Brand_Terms,Brand_Exact,28234,1512,287.6,58,0.05355245448749734363,0.19021164021164,4.95862068965517,10.1863002054261,0.03835978835978835979,0.00205426082028759651
2024-01-25,google,Search_Generic_Terms,Product_Broad,49567,1012,634.2,27,0.02041680957088385418,0.626679841897233,23.4888888888889,12.7948029939274,0.02667984189723320158,0.00054471725139709888
2024-01-25,google,Shopping_All_Products,Best_Sellers,75234,2567,467.8,75,0.03412021160645452854,0.182236073237242,6.23733333333333,6.21793338118404,0.02921698480716790027,0.00099688970412313582
2024-01-25,google,Display_Remarketing,Cart_Abandoners,142345,545,139.9,16,0.00382872598264779234,0.256697247706422,8.74375,0.982823421967754,0.02935779816513761468,0.00011240296462819207
2024-01-26,google,Search_Brand_Terms,Brand_Exact,26789,1378,263.4,53,0.05143902347978647953,0.191146589259797,4.96981132075472,9.83239389301579,0.03846153846153846154,0.00197842397999178767
2024-01-26,google,Search_Generic_Terms,Product_Broad,47234,945,605.6,25,0.02000677478087818097,0.640846560846561,24.224,12.8212728119575,0.02645502645502645503,0.00052927975610788839
2024-01-26,google,Shopping_All_Products,Best_Sellers,72890,2434,450.2,71,0.03339278364659075319,0.184963023829088,6.34084507042254,6.17643023734394,0.02917009038619556286,0.00097407051721772534
2024-01-26,google,Display_Remarketing,Cart_Abandoners,138567,512,136.2,15,0.00369496344728542871,0.266015625,9.08,0.982918010781788,0.02929687500000000000,0.00010825088224469029
2024-01-27,google,Search_Brand_Terms,Brand_Exact,25234,1312,250.3,49,0.05199334231592296108,0.19077743902439,5.10816326530612,9.91915669335024,0.03734756097560975610,0.00194182452246968376
2024-01-27,google,Search_Generic_Terms,Product_Broad,45678,901,584.5,24,0.01972503174394675774,0.648723640399556,24.3541666666667,12.7960943999299,0.02663706992230854606,0.00052541704978326547
2024-01-27,google,Shopping_All_Products,Best_Sellers,70123,2356,431.2,68,0.03359810618484662664,0.1830220713073,6.34117647058823,6.14919498595325,0.02886247877758913413,0.00096972462672732199
2024-01-27,google,Display_Remarketing,Cart_Abandoners,134890,489,132.7,14,0.00362517606938987323,0.271370143149284,9.47857142857143,0.98376454889169,0.02862985685071574642,0.00010378827192527244
2024-01-28,google,Search_Brand_Terms,Brand_Exact,23567,1189,226.8,44,0.05045190308482199686,0.190748528174937,5.15454545454546,9.62362625705436,0.03700588730025231287,0.00186701743964017482
2024-01-28,google,Search_Generic_Terms,Product_Broad,42890,834,549.3,21,0.01944509209605968757,0.65863309352518,26.1571428571429,12.8071811611098,0.02517985611510791367,0.00048962462112380508
2024-01-28,google,Shopping_All_Products,Best_Sellers,66234,2167,395.8,61,0.03271733550744330706,0.18264882325796,6.48852459016393,5.9757828305704,0.02814951545916012921,0.00092097714164930398
2024-01-28,google,Display_Remarketing,Cart_Abandoners,127345,445,125.1,12,0.00349444422631434293,0.281123595505618,10.425,0.982370725195335,0.02696629213483146067,0.000094232203855667674428
2024-01-29,google,Search_Brand_Terms,Brand_Exact,24890,1278,244.2,47,0.05134592205705102451,0.191079812206573,5.19574468085106,9.81116914423463,0.03677621283255086072,0.00188830855765367618
2024-01-29,google,Search_Generic_Terms,Product_Broad,44567,878,570.8,23,0.01970067538761864160,0.650113895216401,24.8173913043478,12.8076828146386,0.02619589977220956720,0.00051607691789889380
2024-01-29,google,Shopping_All_Products,Best_Sellers,68456,2289,419.5,66,0.03343753651980834405,0.183267802533858,6.35606060606061,6.12802384013089,0.02883355176933158585,0.00096412294028280940
2024-01-29,google,Display_Remarketing,Cart_Abandoners,131234,467,128.9,13,0.00355852903973055763,0.276017130620985,9.91538461538462,0.982214974777878,0.02783725910064239829,0.000099059694896139719890
2024-01-30,google,Search_Brand_Terms,Brand_Exact,25456,1334,254.6,50,0.05240414833438089252,0.190854572713643,5.092,10.0015713387806,0.03748125937031484258,0.00196417347580138278
2024-01-30,google,Search_Generic_Terms,Product_Broad,45890,912,587.7,24,0.01987361080845500109,0.644407894736842,24.4875,12.8067117018958,0.02631578947368421053,0.00052298975811723687
2024-01-30,google,Shopping_All_Products,Best_Sellers,70234,2367,432.1,68,0.03370162599310875075,0.182551753274187,6.35441176470588,6.15229091323291,0.02872834811998310097,0.00096819204373949939
2024-01-30,google,Display_Remarketing,Cart_Abandoners,133456,478,131.2,14,0.00358170483155496943,0.274476987447699,9.37142857142857,0.983095552092075,0.02928870292887029289,0.00010490348879031291
2024-01-01,tiktok,Awareness_GenZ,Dance_Challenge,234567,3456,456.7,34,0.01473353029198480605,0.132146990740741,13.4323529411765,1.94699169107334,0.00983796296296296296,0.00014494792532623941
2024-01-01,tiktok,Conversion_Focus,Product_Demo,123456,2345,678.9,67,0.01899462156557801970,0.289509594882729,10.1328358208955,5.49912519440124,0.02857142857142857143,0.00054270347330222913
2024-01-01,tiktok,Traffic_Campaign,Trending_Sounds,189234,2890,345.6,23,0.01527209698045805722,0.119584775086505,15.0260869565217,1.82631028250737,0.00795847750865051903,0.00012154264032890495
2024-01-02,tiktok,Awareness_GenZ,Dance_Challenge,245678,3678,478.9,36,0.01497081545763153396,0.130206634040239,13.3027777777778,1.94929948957579,0.00978792822185970636,0.00014653326712200523
2024-01-02,tiktok,Conversion_Focus,Product_Demo,134567,2567,712.3,71,0.01907599931632569649,0.277483443708609,10.0323943661972,5.29327398247713,0.02765874561745227892,0.00052761821248894603
2024-01-02,tiktok,Traffic_Campaign,Trending_Sounds,198345,3012,361.2,25,0.01518566134765181880,0.1199203187251,14.448,1.82106934886183,0.00830013280212483400,0.00012604300587360407
2024-01-03,tiktok,Awareness_GenZ,Dance_Challenge,223456,3234,434.5,32,0.01447264785908635257,0.134353741496599,13.578125,1.94445438923099,0.00989486703772418058,0.00014320492624946298
2024-01-03,tiktok,Conversion_Focus,Product_Demo,112345,2123,623.4,62,0.01889714718055988250,0.293641073951955,10.0548387096774,5.54897859272776,0.02920395666509656147,0.00055187146735502248
2024-01-03,tiktok,Influencer_Collab,Creator_Partnership,345678,5678,890.1,89,0.01642569096095209993,0.156762944698838,10.0011235955056,2.57493968375193,0.01567453328636843959,0.00025746503971904489
2024-01-04,tiktok,Awareness_GenZ,Dance_Challenge,256789,3890,512.3,39,0.01514862396753755028,0.131696658097686,13.1358974358974,1.99502315130321,0.01002570694087403599,0.00015187566445603200
2024-01-04,tiktok,Traffic_Campaign,Trending_Sounds,201234,3123,374.5,26,0.01551924625063359075,0.119916746717899,14.4038461538462,1.86101752188994,0.00832532821005443484,0.00012920281860918135
2024-01-04,tiktok,Influencer_Collab,Creator_Partnership,367890,6012,923.4,94,0.01634184131126151839,0.153592814371257,9.82340425531915,2.50998939900514,0.01563539587491683300,0.00025551115822664383
2024-01-05,tiktok,Awareness_GenZ,Dance_Challenge,234234,3467,460.2,35,0.01480143787836095528,0.132737236804153,13.1485714285714,1.96470196470196,0.01009518315546582059,0.00014942322634630327
2024-01-05,tiktok,Conversion_Focus,Product_Demo,128901,2456,689.5,68,0.01905338205289330572,0.280741042345277,10.1397058823529,5.34906633773206,0.02768729641693811075,0.00052753663664362573
2024-01-05,tiktok,Influencer_Collab,Creator_Partnership,356789,5834,901.2,91,0.01635140096807917284,0.15447377442578,9.9032967032967,2.52586262468854,0.01559821734658896126,0.00025505270622132409
2024-01-06,tiktok,Awareness_GenZ,Dance_Challenge,267890,3945,523.4,40,0.01472619358692000448,0.132674271229404,13.085,1.95378700212774,0.01013941698352344740,0.00014931501735787077
2024-01-06,tiktok,Traffic_Campaign,Trending_Sounds,205678,3234,387.8,27,0.01572360680286661675,0.11991341991342,14.362962962963,1.88547146510565,0.00834879406307977737,0.00013127315512597361
2024-01-06,tiktok,Influencer_Collab,Creator_Partnership,378901,6123,945.6,96,0.01615989400925307666,0.154434100930916,9.85,2.4956387024579,0.01567858892699657031,0.00025336433527491350
2024-01-07,tiktok,Awareness_GenZ,Dance_Challenge,278901,4123,545.6,42,0.01478302336671435384,0.132330827067669,12.9904761904762,1.95624970867799,0.01018675721561969440,0.00015059106994955199
2024-01-07,tiktok,Conversion_Focus,Product_Demo,138901,2678,734.5,73,0.01927991879108141770,0.274271844660194,10.0616438356164,5.28793889172864,0.02725914861837191934,0.00052555417167622983
2024-01-07,tiktok,Traffic_Campaign,Trending_Sounds,212345,3345,401.1,28,0.01575266665096894205,0.119910313901345,14.325,1.88890720290094,0.00837070254110612855,0.00013186088676446349
2024-01-08,tiktok,Awareness_GenZ,Dance_Challenge,245234,3578,474.3,37,0.01459014655390361858,0.132560089435439,12.8189189189189,1.93407113206162,0.01034097261039686976,0.00015087630589559360
2024-01-08,tiktok,Conversion_Focus,Product_Demo,119234,2234,645.6,64,0.01873626650116577486,0.28898836168308,10.0875,5.41456296022946,0.02864816472694717995,0.00053675964909337941
2024-01-08,tiktok,Influencer_Collab,Creator_Partnership,389012,6234,967.8,98,0.01602521258984298685,0.155245428296439,9.87551020408163,2.48784099205166,0.01572024382418992621,0.00025192024924680987
2024-01-09,tiktok,Awareness_GenZ,Dance_Challenge,289012,4234,556.7,43,0.01464991073035029687,0.131483230987246,12.946511627907,1.92621759650118,0.01015588096362777515,0.00014878274950521086
2024-01-09,tiktok,Traffic_Campaign,Trending_Sounds,218901,3456,414.4,29,0.01578795894034289473,0.119907407407407,14.2896551724138,1.89309322479112,0.00839120370370370370,0.00013247997953412730
2024-01-09,tiktok,Influencer_Collab,Creator_Partnership,401234,6456,989.9,101,0.01609036123558821037,0.153330235439901,9.8009900990099,2.46713887656579,0.01564436183395291202,0.00025172343320855162
2024-01-10,tiktok,Awareness_GenZ,Dance_Challenge,256234,3701,490.5,38,0.01444382868784002123,0.132531748176169,12.9078947368421,1.91426586635653,0.01026749527154823021,0.00014830194275545010
2024-01-10,tiktok,Conversion_Focus,Product_Demo,145678,2789,756.7,76,0.01914496354974670163,0.27131588382933,9.95657894736842,5.19433270637983,0.02724991036213696665,0.00052169854061697717
2024-01-10,tiktok,Traffic_Campaign,Trending_Sounds,223456,3567,427.7,30,0.01596287412286982672,0.119904681805439,14.2566666666667,1.91402334240298,0.00841042893187552565,0.00013425461835887155
2024-01-11,tiktok,Awareness_GenZ,Dance_Challenge,278901,4123,523.6,42,0.01478302336671435384,0.126994906621392,12.4666666666667,1.87736867203775,0.01018675721561969440,0.00015059106994955199
2024-01-11,tiktok,Conversion_Focus,Product_Demo,156789,3012,812.3,82,0.01921053135105141305,0.26968791500664,9.90609756097561,5.18084814623475,0.02722443559096945551,0.00052299587343499863
2024-01-11,tiktok,Traffic_Campaign,Trending_Sounds,234567,3789,456.8,33,0.01615316732532709205,0.120559514383742,13.8424242424242,1.94741800850077,0.00870942201108471892,0.00014068475105193825
2024-01-11,tiktok,Influencer_Collab,Creator_Partnership,412345,6789,1023.4,103,0.01646436842934921001,0.150743850346148,9.93592233009709,2.48190229055766,0.01517160111945794668,0.00024979083049388255
2024-01-12,tiktok,Awareness_GenZ,Dance_Challenge,267890,3945,501.2,40,0.01472619358692000448,0.127046894803549,12.53,1.87091716749412,0.01013941698352344740,0.00014931501735787077
2024-01-12,tiktok,Conversion_Focus,Product_Demo,148901,2834,767.5,77,0.01903278016937428224,0.270818630910374,9.96753246753247,5.15443146788806,0.02717007762879322512,0.00051712211469365552
2024-01-12,tiktok,Traffic_Campaign,Trending_Sounds,228901,3634,441.9,31,0.01587585899581041586,0.121601541001651,14.2548387096774,1.93052891861547,0.00853054485415520088,0.00013542972726200410
2024-01-12,tiktok,Influencer_Collab,Creator_Partnership,398567,6534,998.7,98,0.01639373053965832595,0.152846648301194,10.1908163265306,2.5057267661397,0.01499846954392408938,0.00024588086821036363
2024-01-13,tiktok,Awareness_GenZ,Dance_Challenge,234567,3456,456.7,34,0.01473353029198480605,0.132146990740741,13.4323529411765,1.94699169107334,0.00983796296296296296,0.00014494792532623941
2024-01-13,tiktok,Conversion_Focus,Product_Demo,134567,2567,712.3,71,0.01907599931632569649,0.277483443708609,10.0323943661972,5.29327398247713,0.02765874561745227892,0.00052761821248894603
2024-01-13,tiktok,Traffic_Campaign,Trending_Sounds,201234,3123,374.5,26,0.01551924625063359075,0.119916746717899,14.4038461538462,1.86101752188994,0.00832532821005443484,0.00012920281860918135
2024-01-13,tiktok,Influencer_Collab,Creator_Partnership,367890,6012,923.4,94,0.01634184131126151839,0.153592814371257,9.82340425531915,2.50998939900514,0.01563539587491683300,0.00025551115822664383
2024-01-14,tiktok,Awareness_GenZ,Dance_Challenge,223456,3234,434.5,32,0.01447264785908635257,0.134353741496599,13.578125,1.94445438923099,0.00989486703772418058,0.00014320492624946298
2024-01-14,tiktok,Conversion_Focus,Product_Demo,128901,2456,689.5,68,0.01905338205289330572,0.280741042345277,10.1397058823529,5.34906633773206,0.02768729641693811075,0.00052753663664362573
2024-01-14,tiktok,Traffic_Campaign,Trending_Sounds,195678,2989,361.2,25,0.01527509479859769622,0.120843091334895,14.448,1.84588967589611,0.00836400133824021412,0.00012776091333721727
2024-01-14,tiktok,Influencer_Collab,Creator_Partnership,356789,5834,901.2,91,0.01635140096807917284,0.15447377442578,9.9032967032967,2.52586262468854,0.01559821734658896126,0.00025505270622132409
2024-01-15,tiktok,Awareness_GenZ,Dance_Challenge,246789,3678,478.9,36,0.01490341952031897694,0.130206634040239,13.3027777777778,1.94052409143033,0.00978792822185970636,0.00014587360052514496
2024-01-15,tiktok,Conversion_Focus,Product_Demo,142345,2678,734.5,73,0.01881344620464364748,0.274271844660194,10.0616438356164,5.15999859496294,0.02725914861837191934,0.00051283852611612631
2024-01-15,tiktok,Traffic_Campaign,Trending_Sounds,212345,3345,401.1,28,0.01575266665096894205,0.119910313901345,14.325,1.88890720290094,0.00837070254110612855,0.00013186088676446349
2024-01-15,tiktok,Influencer_Collab,Creator_Partnership,378901,6123,945.6,96,0.01615989400925307666,0.154434100930916,9.85,2.4956387024579,0.01567858892699657031,0.00025336433527491350
2024-01-16,tiktok,Awareness_GenZ,Dance_Challenge,289012,4234,556.7,43,0.01464991073035029687,0.131483230987246,12.946511627907,1.92621759650118,0.01015588096362777515,0.00014878274950521086
2024-01-16,tiktok,Conversion_Focus,Product_Demo,156789,3012,812.3,82,0.01921053135105141305,0.26968791500664,9.90609756097561,5.18084814623475,0.02722443559096945551,0.00052299587343499863
2024-01-16,tiktok,Traffic_Campaign,Trending_Sounds,245678,3890,467.8,34,0.01583373358623889807,0.12025706940874,13.7588235294118,1.90411839887983,0.00874035989717223650,0.00013839253005967160
2024-01-16,tiktok,Influencer_Collab,Creator_Partnership,423456,6890,1056.8,107,0.01627087584070127711,0.153381712626996,9.87663551401869,2.49565480238797,0.01552975326560232221,0.00025268268722134059
2024-01-17,tiktok,Awareness_GenZ,Dance_Challenge,301234,4456,589.9,46,0.01479248690386875320,0.132383303411131,12.8239130434783,1.95827828200004,0.01032315978456014363,0.00015270520591965050
2024-01-17,tiktok,Conversion_Focus,Product_Demo,167890,3234,845.6,85,0.01926261242480195366,0.261471861471861,9.94823529411765,5.03663112752397,0.02628324056895485467,0.00050628387634760855
2024-01-17,tiktok,Traffic_Campaign,Trending_Sounds,256789,4012,489.2,36,0.01562372219993847088,0.121934197407777,13.5888888888889,1.90506602697156,0.00897308075772681954,0.00014019292103633723
2024-01-17,tiktok,Influencer_Collab,Creator_Partnership,445678,7234,1123.5,113,0.01623144961160299588,0.155308266519215,9.94247787610619,2.52087830227204,0.01562068012164777440,0.00025354628229349441
2024-01-18,tiktok,Awareness_GenZ,Dance_Challenge,290123,4189,567.8,44,0.01443870358434181364,0.135545476247314,12.9045454545455,1.95710095373342,0.01050370016710432084,0.00015165981325162086
2024-01-18,tiktok,Conversion_Focus,Product_Demo,161234,3089,823.7,83,0.01915849014475854969,0.266655875687925,9.92409638554217,5.10872396640907,0.02686953706701197799,0.00051477976109257353
2024-01-18,tiktok,Traffic_Campaign,Trending_Sounds,248901,3934,478.5,35,0.01580548089401006826,0.121631926792069,13.6714285714286,1.92245109501368,0.00889679715302491103,0.00014061815742001840
2024-01-18,tiktok,Influencer_Collab,Creator_Partnership,434567,7012,1089.3,109,0.01613560164485568393,0.155347974900171,9.99357798165138,2.5066330393242,0.01554478037649743297,0.00025082438381193234
2024-01-19,tiktok,Awareness_GenZ,Dance_Challenge,278901,4123,545.6,42,0.01478302336671435384,0.132330827067669,12.9904761904762,1.95624970867799,0.01018675721561969440,0.00015059106994955199
2024-01-19,tiktok,Conversion_Focus,Product_Demo,153456,2945,789.2,79,0.01919116880408716505,0.267979626485569,9.98987341772152,5.14284224794078,0.02682512733446519525,0.00051480554686685434
2024-01-19,tiktok,Traffic_Campaign,Trending_Sounds,236789,3734,456.8,33,0.01576931360831795396,0.122335297268345,13.8424242424242,1.92914366799133,0.00883770755222281735,0.00013936458196960163
2024-01-19,tiktok,Influencer_Collab,Creator_Partnership,423456,6789,1034.5,104,0.01603236227612786216,0.152378848136692,9.94711538461539,2.44299289654651,0.01531889821770511121,0.00024559812589737777
2024-01-20,tiktok,Awareness_GenZ,Dance_Challenge,256234,3701,490.5,38,0.01444382868784002123,0.132531748176169,12.9078947368421,1.91426586635653,0.01026749527154823021,0.00014830194275545010
2024-01-20,tiktok,Conversion_Focus,Product_Demo,142345,2678,734.5,73,0.01881344620464364748,0.274271844660194,10.0616438356164,5.15999859496294,0.02725914861837191934,0.00051283852611612631
2024-01-20,tiktok,Traffic_Campaign,Trending_Sounds,218901,3456,414.4,29,0.01578795894034289473,0.119907407407407,14.2896551724138,1.89309322479112,0.00839120370370370370,0.00013247997953412730
2024-01-20,tiktok,Influencer_Collab,Creator_Partnership,389012,6234,967.8,98,0.01602521258984298685,0.155245428296439,9.87551020408163,2.48784099205166,0.01572024382418992621,0.00025192024924680987
2024-01-21,tiktok,Awareness_GenZ,Dance_Challenge,234567,3456,445.7,34,0.01473353029198480605,0.12896412037037,13.1088235294118,1.90009677405603,0.00983796296296296296,0.00014494792532623941
2024-01-21,tiktok,Conversion_Focus,Product_Demo,128901,2456,678.9,67,0.01905338205289330572,0.276425081433225,10.1328358208955,5.26683268554938,0.02728013029315960912,0.00051977874492827829
2024-01-21,tiktok,Traffic_Campaign,Trending_Sounds,201234,3123,374.5,26,0.01551924625063359075,0.119916746717899,14.4038461538462,1.86101752188994,0.00832532821005443484,0.00012920281860918135
2024-01-21,tiktok,Influencer_Collab,Creator_Partnership,367890,6012,923.4,94,0.01634184131126151839,0.153592814371257,9.82340425531915,2.50998939900514,0.01563539587491683300,0.00025551115822664383
2024-01-22,tiktok,Awareness_GenZ,Dance_Challenge,267890,3945,523.4,40,0.01472619358692000448,0.132674271229404,13.085,1.95378700212774,0.01013941698352344740,0.00014931501735787077
2024-01-22,tiktok,Conversion_Focus,Product_Demo,148901,2834,767.5,77,0.01903278016937428224,0.270818630910374,9.96753246753247,5.15443146788806,0.02717007762879322512,0.00051712211469365552
2024-01-22,tiktok,Traffic_Campaign,Trending_Sounds,228901,3634,441.9,31,0.01587585899581041586,0.121601541001651,14.2548387096774,1.93052891861547,0.00853054485415520088,0.00013542972726200410
2024-01-22,tiktok,Influencer_Collab,Creator_Partnership,398567,6534,998.7,98,0.01639373053965832595,0.152846648301194,10.1908163265306,2.5057267661397,0.01499846954392408938,0.00024588086821036363
2024-01-23,tiktok,Awareness_GenZ,Dance_Challenge,289012,4234,556.7,43,0.01464991073035029687,0.131483230987246,12.946511627907,1.92621759650118,0.01015588096362777515,0.00014878274950521086
2024-01-23,tiktok,Conversion_Focus,Product_Demo,156789,3012,812.3,82,0.01921053135105141305,0.26968791500664,9.90609756097561,5.18084814623475,0.02722443559096945551,0.00052299587343499863
2024-01-23,tiktok,Traffic_Campaign,Trending_Sounds,245678,3890,467.8,34,0.01583373358623889807,0.12025706940874,13.7588235294118,1.90411839887983,0.00874035989717223650,0.00013839253005967160
2024-01-23,tiktok,Influencer_Collab,Creator_Partnership,423456,6890,1056.8,107,0.01627087584070127711,0.153381712626996,9.87663551401869,2.49565480238797,0.01552975326560232221,0.00025268268722134059
2024-01-24,tiktok,Awareness_GenZ,Dance_Challenge,312345,4567,623.4,48,0.01462165233956042197,0.136500985329538,12.9875,1.99586995149594,0.01051018173855922925,0.00015367622340680978
2024-01-24,tiktok,Conversion_Focus,Product_Demo,172345,3345,867.9,87,0.01940874408889146770,0.259461883408072,9.97586206896552,5.03582929588906,0.02600896860986547085,0.00050480141576489019
2024-01-24,tiktok,Traffic_Campaign,Trending_Sounds,267890,4123,512.6,37,0.01539064541416252940,0.124326946398254,13.8540540540541,1.91347194744111,0.00897404802328401649,0.00013811639105603046
2024-01-24,tiktok,Influencer_Collab,Creator_Partnership,456789,7456,1167.8,118,0.01632263473945300784,0.156625536480687,9.89661016949153,2.55654142284512,0.01582618025751072961,0.00025832495966408998
2024-01-25,tiktok,Awareness_GenZ,Dance_Challenge,323456,4789,645.7,50,0.01480572318955282944,0.134829818333681,12.914,1.99625296794618,0.01044059302568385884,0.00015458053027305105
2024-01-25,tiktok,Conversion_Focus,Product_Demo,178901,3456,889.5,89,0.01931794679739073566,0.257378472222222,9.99438202247191,4.9720236331826,0.02575231481481481481,0.00049748184750224985
2024-01-25,tiktok,Traffic_Campaign,Trending_Sounds,278901,4234,534.2,39,0.01518101405158102696,0.126169107227208,13.6974358974359,1.91537498969168,0.00921114785073216816,0.00013983456495315542
2024-01-25,tiktok,Influencer_Collab,Creator_Partnership,467890,7623,1189.4,120,0.01629229092308021116,0.156027810573265,9.91166666666667,2.54205048195089,0.01574183392365210547,0.00025647053794695334
2024-01-26,tiktok,Awareness_GenZ,Dance_Challenge,301234,4456,589.9,46,0.01479248690386875320,0.132383303411131,12.8239130434783,1.95827828200004,0.01032315978456014363,0.00015270520591965050
2024-01-26,tiktok,Conversion_Focus,Product_Demo,167890,3234,845.6,85,0.01926261242480195366,0.261471861471861,9.94823529411765,5.03663112752397,0.02628324056895485467,0.00050628387634760855
2024-01-26,tiktok,Traffic_Campaign,Trending_Sounds,256789,4012,489.2,36,0.01562372219993847088,0.121934197407777,13.5888888888889,1.90506602697156,0.00897308075772681954,0.00014019292103633723
2024-01-26,tiktok,Influencer_Collab,Creator_Partnership,445678,7234,1123.5,113,0.01623144961160299588,0.155308266519215,9.94247787610619,2.52087830227204,0.01562068012164777440,0.00025354628229349441
2024-01-27,tiktok,Awareness_GenZ,Dance_Challenge,278901,4123,545.6,42,0.01478302336671435384,0.132330827067669,12.9904761904762,1.95624970867799,0.01018675721561969440,0.00015059106994955199
2024-01-27,tiktok,Conversion_Focus,Product_Demo,153456,2945,789.2,79,0.01919116880408716505,0.267979626485569,9.98987341772152,5.14284224794078,0.02682512733446519525,0.00051480554686685434
2024-01-27,tiktok,Traffic_Campaign,Trending_Sounds,236789,3734,456.8,33,0.01576931360831795396,0.122335297268345,13.8424242424242,1.92914366799133,0.00883770755222281735,0.00013936458196960163
2024-01-27,tiktok,Influencer_Collab,Creator_Partnership,423456,6789,1034.5,104,0.01603236227612786216,0.152378848136692,9.94711538461539,2.44299289654651,0.01531889821770511121,0.00024559812589737777
2024-01-28,tiktok,Awareness_GenZ,Dance_Challenge,267890,3945,501.2,40,0.01472619358692000448,0.127046894803549,12.53,1.87091716749412,0.01013941698352344740,0.00014931501735787077
2024-01-28,tiktok,Conversion_Focus,Product_Demo,148901,2834,756.7,76,0.01903278016937428224,0.267007762879323,9.95657894736842,5.08190005439856,0.02681721947776993649,0.00051040624307425739
2024-01-28,tiktok,Traffic_Campaign,Trending_Sounds,223456,3567,427.7,30,0.01596287412286982672,0.119904681805439,14.2566666666667,1.91402334240298,0.00841042893187552565,0.00013425461835887155
2024-01-28,tiktok,Influencer_Collab,Creator_Partnership,401234,6456,989.9,101,0.01609036123558821037,0.153330235439901,9.8009900990099,2.46713887656579,0.01564436183395291202,0.00025172343320855162
2024-01-29,tiktok,Awareness_GenZ,Dance_Challenge,289012,4234,556.7,43,0.01464991073035029687,0.131483230987246,12.946511627907,1.92621759650118,0.01015588096362777515,0.00014878274950521086
2024-01-29,tiktok,Conversion_Focus,Product_Demo,156789,3012,812.3,82,0.01921053135105141305,0.26968791500664,9.90609756097561,5.18084814623475,0.02722443559096945551,0.00052299587343499863
2024-01-29,tiktok,Traffic_Campaign,Trending_Sounds,245678,3890,467.8,34,0.01583373358623889807,0.12025706940874,13.7588235294118,1.90411839887983,0.00874035989717223650,0.00013839253005967160
2024-01-29,tiktok,Influencer_Collab,Creator_Partnership,423456,6890,1056.8,107,0.01627087584070127711,0.153381712626996,9.87663551401869,2.49565480238797,0.01552975326560232221,0.00025268268722134059
2024-01-30,tiktok,Awareness_GenZ,Dance_Challenge,295678,4345,573.2,44,0.01469503987445802528,0.131921749136939,13.0272727272727,1.93859536387557,0.01012658227848101266,0.00014881053037425848
2024-01-30,tiktok,Conversion_Focus,Product_Demo,161234,3089,823.7,83,0.01915849014475854969,0.266655875687925,9.92409638554217,5.10872396640907,0.02686953706701197799,0.00051477976109257353
2024-01-30,tiktok,Traffic_Campaign,Trending_Sounds,251234,3967,481.5,35,0.01579006026254408241,0.121376354928157,13.7571428571429,1.91653995876354,0.00882278800100831863,0.00013931235421957219
2024-01-30,tiktok,Influencer_Collab,Creator_Partnership,434567,7012,1089.3,109,0.01613560164485568393,0.155347974900171,9.99357798165138,2.5066330393242,0.01554478037649743297,0.00025082438381193234